RML id,better RML id,Supported,title,purpose,part of spec,data format,reference formulation,error expected?,input file 1,input file 2,input file 3,R2RML id,files missing?,comment
RMLTC0000-CSV,0a,java,"one table, one column, zero rows",Tests if an empty table produces an empty RDF graph,,CSV,CSV,false,student.csv,,,R2RMLTC0000,,
RMLTC0000-JSON,0b,java,"one table, one column, zero rows",Tests if an empty table produces an empty RDF graph,,JSON,JSONPath,false,student.json,,,R2RMLTC0001,,
RMLTC0000-XML,0c,java,"one table, one column, zero rows",Tests if an empty table produces an empty RDF graph,,XML,XPath,false,student.xml,,,R2RMLTC0002,,
RMLTC0000-MySQL,0d,java,"one table, one column, zero rows",Tests if an empty table produces an empty RDF graph,http://www.w3.org/TR/r2rml/#physical-tables,table,CSV,false,resource.sql,,,R2RMLTC0003,,
RMLTC0000-PostgreSQL,0e,java,"one table, one column, zero rows",Tests if an empty table produces an empty RDF graph,http://www.w3.org/TR/r2rml/#physical-tables,table,CSV,false,resource.sql,,,R2RMLTC0004,,
RMLTC0000-SQLServer,0f,java,"one table, one column, zero rows",Tests if an empty table produces an empty RDF graph,http://www.w3.org/TR/r2rml/#physical-tables,table,CSV,false,resource.sql,,,R2RMLTC0005,,
RMLTC0000-SPARQL,0g,java,Empty dataset,Test if an empty dataset produces an empty RDF graph,,RDF,XPath,false,resource.ttl,,,R2RMLTC0005,,
RMLTC0001a-CSV,1a,java,"One column mapping, subject URI generation by using rr:template",Tests: (1) one column mapping; (2) subject URI generation by using rr:tmplate; (3) one column to one property,,CSV,CSV,false,student.csv,,,R2RMLTC0001a,,
RMLTC0001a-JSON,1b,java,"One column mapping, subject URI generation by using rr:template",Tests: (1) one column mapping; (2) subject URI generation by using rr:tmplate; (3) one column to one property,,JSON,JSONPath,false,student.json,,,R2RMLTC0001a,,
RMLTC0001a-XML,1c,java,"One column mapping, subject URI generation by using rr:template",Tests: (1) one column mapping; (2) subject URI generation by using rr:tmplate; (3) one column to one property,,XML,XPath,false,student.xml,,,R2RMLTC0001a,,
RMLTC0001a-MySQL,1d,java,"One column mapping, subject URI generation by using rr:template",Tests: (1) one column mapping; (2) subject URI generation by using rr:tmplate; (3) one column to one property,http://www.w3.org/TR/r2rml/#dfn-template-valued-term-map,table,CSV,false,resource.sql,,,R2RMLTC0001a,,
RMLTC0001a-PostgreSQL,1e,java,"One column mapping, subject URI generation by using rr:template",Tests: (1) one column mapping; (2) subject URI generation by using rr:tmplate; (3) one column to one property,http://www.w3.org/TR/r2rml/#dfn-template-valued-term-map,table,CSV,false,resource.sql,,,R2RMLTC0001a,,
RMLTC0001a-SQLServer,1f,java,"One column mapping, subject URI generation by using rr:template",Tests: (1) one column mapping; (2) subject URI generation by using rr:tmplate; (3) one column to one property,http://www.w3.org/TR/r2rml/#dfn-template-valued-term-map,table,CSV,false,resource.sql,,,R2RMLTC0001a,,
RMLTC0001a-SPARQL,1g,java,"One tripple mapping, subject URI generation by using rr:template",Tests: (1) one tripple mapping; (2) generation of a BlankNode subject by using rr:termType; (3) one tripple to one property,,RDF,XPath,false,resource.ttl,,,N/A,,
RMLTC0001b-CSV,2a,java,"One column mapping, generation of a BlankNode subject by using rr:termType",Tests: (1) one column mapping; (2) generation of a BlankNode subject by using rr:termType; (3) one column to one property,,CSV,CSV,false,student.csv,,,R2RMLTC0001b,,
RMLTC0001b-JSON,2b,java,"One column mapping, generation of a BlankNode subject by using rr:termType",Tests: (1) one column mapping; (2) generation of a BlankNode subject by using rr:termType; (3) one column to one property,,JSON,JSONPath,false,student.json,,,R2RMLTC0001b,,
RMLTC0001b-XML,2c,java,"One column mapping, generation of a BlankNode subject by using rr:termType",Tests: (1) one column mapping; (2) generation of a BlankNode subject by using rr:termType; (3) one column to one property,,XML,XPath,false,student.xml,,,R2RMLTC0001b,,
RMLTC0001b-MySQL,2d,java,"One column mapping, generation of a BlankNode subject by using rr:termType",Tests: (1) one column mapping; (2) generation of a BlankNode subject by using rr:termType; (3) one column to one property,http://www.w3.org/TR/r2rml/#termtype,table,CSV,false,resource.sql,,,R2RMLTC0001b,,
RMLTC0001b-PostgreSQL,2e,java,"One column mapping, generation of a BlankNode subject by using rr:termType",Tests: (1) one column mapping; (2) generation of a BlankNode subject by using rr:termType; (3) one column to one property,http://www.w3.org/TR/r2rml/#termtype,table,CSV,false,resource.sql,,,R2RMLTC0001b,,
RMLTC0001b-SQLServer,2f,java,"One column mapping, generation of a BlankNode subject by using rr:termType",Tests: (1) one column mapping; (2) generation of a BlankNode subject by using rr:termType; (3) one column to one property,http://www.w3.org/TR/r2rml/#termtype,table,CSV,false,resource.sql,,,R2RMLTC0001b,,
RMLTC0001b-SPARQL,2g,java,"One tripple mapping, generation of a BlankNode subject by using rr:termType",Tests: (1) one tripple mapping; (2) generation of a BlankNode subject by using rr:termType; (3) one tripple to one property,,RDF,XPath,false,resource.ttl,,,N/A,,
RMLTC0002a-CSV,3a,java,"Two columns mapping, generation of a subject URI by the concatenation of two column values","Tests: (1) two column mapping, no primary key; (2) subject URI generated by the concatenation of two column values; (3) one column to one property",,CSV,CSV,false,student.csv,,,R2RMLTC0002a,,
RMLTC0002a-JSON,3b,java,"Two columns mapping, generation of a subject URI by the concatenation of two column values","Tests: (1) two column mapping, no primary key; (2) subject URI generated by the concatenation of two column values; (3) one column to one property",,JSON,JSONPath,false,student.json,,,R2RMLTC0002a,,
RMLTC0002a-XML,3c,java,"Two columns mapping, generation of a subject URI by the concatenation of two column values","Tests: (1) two column mapping, no primary key; (2) subject URI generated by the concatenation of two column values; (3) one column to one property",,XML,XPath,false,student.xml,,,R2RMLTC0002a,,
RMLTC0002a-MySQL,3d,java,"Two columns mapping, generation of a subject URI by the concatenation of two column values","Tests: (1) two column mapping, no primary key; (2) subject URI generated by the concatenation of two column values; (3) one column to one property",http://www.w3.org/TR/r2rml/#from-template,table,CSV,false,resource.sql,,,R2RMLTC0002a,,
RMLTC0002a-PostgreSQL,3e,java,"Two columns mapping, generation of a subject URI by the concatenation of two column values","Tests: (1) two column mapping, no primary key; (2) subject URI generated by the concatenation of two column values; (3) one column to one property",http://www.w3.org/TR/r2rml/#from-template,table,CSV,false,resource.sql,,,R2RMLTC0002a,,
RMLTC0002a-SQLServer,3f,java,"Two columns mapping, generation of a subject URI by the concatenation of two column values","Tests: (1) two column mapping, no primary key; (2) subject URI generated by the concatenation of two column values; (3) one column to one property",http://www.w3.org/TR/r2rml/#from-template,table,CSV,false,resource.sql,,,R2RMLTC0002a,,
RMLTC0002a-SPARQL,3g,java,"Two tripples mapping, generation of a subject URI by the concatenation of two column values","Tests: (1) two tripple mapping, no primary key; (2) subject URI generated by the concatenation of two tripple object values; (3) one tripple object to one property",,RDF,XPath,false,resource.ttl,,,N/A,,
RMLTC0002b-CSV,4a,java,"Two columns mapping, generation of a BlankNode subject by using rr:template and rr:termType","Tests: (1) two column mapping, no primary key; (2) generation of a BlankNode subject by using rr:template; (3) one column to one property",,CSV,CSV,false,student.csv,,,R2RMLTC0002b,,
RMLTC0002b-JSON,4b,java,"Two columns mapping, generation of a BlankNode subject by using rr:template and rr:termType","Tests: (1) two column mapping, no primary key; (2) generation of a BlankNode subject by using rr:template; (3) one column to one property",,JSON,JSONPath,false,student.json,,,R2RMLTC0002b,,
RMLTC0002b-XML,4c,java,"Two columns mapping, generation of a BlankNode subject by using rr:template and rr:termType","Tests: (1) two column mapping, no primary key; (2) generation of a BlankNode subject by using rr:template; (3) one column to one property",,XML,XPath,false,student.xml,,,R2RMLTC0002b,,
RMLTC0002b-MySQL,4d,java,"Two columns mapping, generation of a BlankNode subject by using rr:template and rr:termType","Tests: (1) two column mapping, no primary key; (2) generation of a BlankNode subject by using rr:template; (3) one column to one property",http://www.w3.org/TR/r2rml/#termtype,table,CSV,false,resource.sql,,,R2RMLTC0002b,,
RMLTC0002b-PostgreSQL,4e,java,"Two columns mapping, generation of a BlankNode subject by using rr:template and rr:termType","Tests: (1) two column mapping, no primary key; (2) generation of a BlankNode subject by using rr:template; (3) one column to one property",http://www.w3.org/TR/r2rml/#termtype,table,CSV,false,resource.sql,,,R2RMLTC0002b,,
RMLTC0002b-SQLServer,4f,java,"Two columns mapping, generation of a BlankNode subject by using rr:template and rr:termType","Tests: (1) two column mapping, no primary key; (2) generation of a BlankNode subject by using rr:template; (3) one column to one property",http://www.w3.org/TR/r2rml/#termtype,table,CSV,false,resource.sql,,,R2RMLTC0002b,,
RMLTC0002b-SPARQL,6a,java,"Two tripples maping, generation of a BlankNode subject by using rr:template and rr:termType","Tests: (1) two tripple mapping, no primary key; (2) generation of a BlankNode subject by using rr:template; (3) one triple to one property",,RDF,XPath,false,resource.ttl,,,N/A,,
RMLTC0002c-CSV,6a,java,"Two columns mapping, an undefined SQL identifier / logical reference",Tests the presence of an undefined SQL identifier / logical reference,,CSV,CSV,true,student.csv,,,R2RMLTC0002c,,
RMLTC0002c-JSON,6b,java,"Two columns mapping, an undefined SQL identifier / logical reference",Tests the presence of an undefined SQL identifier / logical reference,,JSON,JSONPath,true,student.json,,,R2RMLTC0002c,,
RMLTC0002c-XML,6c,java,"Two columns mapping, an undefined SQL identifier / logical reference",Tests the presence of an undefined SQL identifier / logical reference,,XML,XPath,true,student.xml,,,R2RMLTC0002c,,
RMLTC0002c-MySQL,6d,java,"Two columns mapping, an undefined SQL identifier / logical reference",Tests the presence of an undefined SQL identifier / logical reference,http://www.w3.org/TR/r2rml/#dfn-sql-identifier,table,CSV,true,resource.sql,,,R2RMLTC0002c,,
RMLTC0002c-PostgreSQL,6e,java,"Two columns mapping, an undefined SQL identifier / logical reference",Tests the presence of an undefined SQL identifier / logical reference,http://www.w3.org/TR/r2rml/#dfn-sql-identifier,table,CSV,true,resource.sql,,,R2RMLTC0002c,,
RMLTC0002c-SQLServer,6f,java,"Two columns mapping, an undefined SQL identifier / logical reference",Tests the presence of an undefined SQL identifier / logical reference,http://www.w3.org/TR/r2rml/#dfn-sql-identifier,table,CSV,true,resource.sql,,,R2RMLTC0002c,,
RMLTC0002d-MySQL,7a,,"Two columns mapping, generation of a BlankNode subject by using a SQL Query that concatenates two columns","Tests (1) two column mapping, no primary key; (2) generation of a BlankNode subject by using a SQL Query that concatenates two columns; (3) one column to one property",http://www.w3.org/TR/r2rml/#dfn-sql-query,table,CSV,false,resource.sql,,,R2RMLTC0002d,,
RMLTC0002d-PostgreSQL,7b,,"Two columns mapping, generation of a BlankNode subject by using a SQL Query that concatenates two columns","Tests (1) two column mapping, no primary key; (2) generation of a BlankNode subject by using a SQL Query that concatenates two columns; (3) one column to one property",http://www.w3.org/TR/r2rml/#dfn-sql-query,table,CSV,false,resource.sql,,,R2RMLTC0002d,,
RMLTC0002d-SQLServer,7c,,"Two columns mapping, generation of a BlankNode subject by using a SQL Query that concatenates two columns","Tests (1) two column mapping, no primary key; (2) generation of a BlankNode subject by using a SQL Query that concatenates two columns; (3) one column to one property",http://www.w3.org/TR/r2rml/#dfn-sql-query,table,CSV,false,resource.sql,,,R2RMLTC0002d,,
RMLTC0002e-CSV,8a,java,"Two columns mapping, an undefined rr:tableName",Tests the presence of an undefined rr:tableName,,CSV,CSV,true,student.csv,,,R2RMLTC0002e,,try to use non-existing file
RMLTC0002e-JSON,8b,java,"Two columns mapping, an undefined rr:tableName",Tests the presence of an undefined rr:tableName,,JSON,JSONPath,true,student.json,,,R2RMLTC0002e,,try to use non-existing file
RMLTC0002e-XML,8c,java,"Two columns mapping, an undefined rr:tableName",Tests the presence of an undefined rr:tableName,,XML,XPath,true,student.xml,,,R2RMLTC0002e,,try to use non-existing file
RMLTC0002e-MySQL,8d,java,"Two columns mapping, an undefined rr:tableName",Tests the presence of an undefined rr:tableName,http://www.w3.org/TR/r2rml/#dfn-sql-identifier,table,CSV,true,resource.sql,,,R2RMLTC0002e,,
RMLTC0002e-PostgreSQL,8e,java,"Two columns mapping, an undefined rr:tableName",Tests the presence of an undefined rr:tableName,http://www.w3.org/TR/r2rml/#dfn-sql-identifier,table,CSV,true,resource.sql,,,R2RMLTC0002e,,
RMLTC0002e-SQLServer,8f,java,"Two columns mapping, an undefined rr:tableName",Tests the presence of an undefined rr:tableName,http://www.w3.org/TR/r2rml/#dfn-sql-identifier,table,CSV,true,resource.sql,,,R2RMLTC0002e,,
RMLTC0002f-MySQL,9a,,"Two columns mapping, delimited identifiers referenced as regular identifiers","Tests the presence of delimited identifiers referenced as regular identifiers. Within rr:template ID is ok, but Name is not",http://www.w3.org/TR/r2rml/#from-template,table,CSV,true,resource.sql,,,R2RMLTC0002f,,
RMLTC0002f-PostgreSQL,9b,,"Two columns mapping, delimited identifiers referenced as regular identifiers","Tests the presence of delimited identifiers referenced as regular identifiers. Within rr:template ID is ok, but Name is not",http://www.w3.org/TR/r2rml/#from-template,table,CSV,true,resource.sql,,,R2RMLTC0002f,,
RMLTC0002f-SQLServer,9c,,"Two columns mapping, delimited identifiers referenced as regular identifiers","Tests the presence of delimited identifiers referenced as regular identifiers. Within rr:template ID is ok, but Name is not",http://www.w3.org/TR/r2rml/#from-template,table,CSV,true,resource.sql,,,R2RMLTC0002f,,
RMLTC0002g-MySQL,10a,java,"Two columns mapping, invalid SQL query",Tests the presence of an invalid SQL query,http://www.w3.org/TR/r2rml/#dfn-sql-identifier,table,CSV,true,resource.sql,,,R2RMLTC0002g,,"This doesn't make sense for CSV, JSON, and XML files."
RMLTC0002g-PostgreSQL,10b,java,"Two columns mapping, invalid SQL query",Tests the presence of an invalid SQL query,http://www.w3.org/TR/r2rml/#dfn-sql-identifier,table,CSV,true,resource.sql,,,R2RMLTC0002g,,
RMLTC0002g-SQLServer,10c,java,"Two columns mapping, invalid SQL query",Tests the presence of an invalid SQL query,http://www.w3.org/TR/r2rml/#dfn-sql-identifier,table,CSV,true,resource.sql,,,R2RMLTC0002g,,
RMLTC0002g-SPARQL,10d,java,"Two tripples mapping, invalid SPARQL query",Tests the presence of an invalid SPARQL query,,RDF,XPath,true,,,,N/A,,
RMLTC0002h-MySQL,11a,java,"Two columns mapping, duplicate column name in SELECT",Tests the presence of duplicate column names in the SELECT list of the SQL query,http://www.w3.org/TR/r2rml/#dfn-sql-identifier,table,CSV,true,resource.sql,,,R2RMLTC0002h,,
RMLTC0002h-PostgreSQL,11b,java,"Two columns mapping, duplicate column name in SELECT",Tests the presence of duplicate column names in the SELECT list of the SQL query,http://www.w3.org/TR/r2rml/#dfn-sql-identifier,table,CSV,true,resource.sql,,,R2RMLTC0002h,,
RMLTC0002h-SQLServer,11c,java,"Two columns mapping, duplicate column name in SELECT",Tests the presence of duplicate column names in the SELECT list of the SQL query,http://www.w3.org/TR/r2rml/#dfn-sql-identifier,table,CSV,true,resource.sql,,,R2RMLTC0002h,,
RMLTC0002h-SPARQL,11d,java,"Two tripples mapping, duplicate variable name in SELECT",Tests the presence of duplicate variable names in the SELECT list of the SPARQL query,,RDF,XPath,true,resource.ttl,,,N/A,,
RMLTC0002i-MySQL,12a,java,"Two columns mapping, SQL Version identifier",Tests the presence of a SQL Version identifier ,http://www.w3.org/TR/r2rml/#dfn-sql-version-identifier,table,CSV,false,resource.sql,,,R2RMLTC0002i,,
RMLTC0002i-PostgreSQL,12b,java,"Two columns mapping, SQL Version identifier",Tests the presence of a SQL Version identifier ,http://www.w3.org/TR/r2rml/#dfn-sql-version-identifier,table,CSV,false,resource.sql,,,R2RMLTC0002i,,
RMLTC0002i-SQLServer,12c,java,"Two columns mapping, SQL Version identifier",Tests the presence of a SQL Version identifier ,http://www.w3.org/TR/r2rml/#dfn-sql-version-identifier,table,CSV,false,resource.sql,,,R2RMLTC0002i,,
RMLTC0002j-MySQL,12d,java,"Two columns mapping, qualified column names",Tests the presence of qualified column names in the SELECT list of the SQL query,http://www.w3.org/TR/r2rml/#dfn-schema-qualified-name,table,CSV,false,resource.sql,,,R2RMLTC0002j,,
RMLTC0002j-PostgreSQL,12e,java,"Two columns mapping, qualified column names",Tests the presence of qualified column names in the SELECT list of the SQL query,http://www.w3.org/TR/r2rml/#dfn-schema-qualified-name,table,CSV,false,resource.sql,,,R2RMLTC0002j,,
RMLTC0002j-SQLServer,12f,java,"Two columns mapping, qualified column names",Tests the presence of qualified column names in the SELECT list of the SQL query,http://www.w3.org/TR/r2rml/#dfn-schema-qualified-name,table,CSV,false,resource.sql,,,R2RMLTC0002j,,
RMLTC0003a-MySQL,13a,java,"Three columns mapping, undefined SQL Version identifier",Tests the presence of an undefined SQL Version identifier,http://www.w3.org/TR/r2rml/#dfn-sql-version-identifier,table,CSV,true,resource.sql,,,R2RMLTC0003a,,
RMLTC0003a-PostgreSQL,13b,java,"Three columns mapping, undefined SQL Version identifier",Tests the presence of an undefined SQL Version identifier,http://www.w3.org/TR/r2rml/#dfn-sql-version-identifier,table,CSV,true,resource.sql,,,R2RMLTC0003a,,
RMLTC0003a-SQLServer,13c,java,"Three columns mapping, undefined SQL Version identifier",Tests the presence of an undefined SQL Version identifier,http://www.w3.org/TR/r2rml/#dfn-sql-version-identifier,table,CSV,true,resource.sql,,,R2RMLTC0003a,,
RMLTC0003b-MySQL,14a,java,"Three columns mapping, concatenation of columns, by using a rr:sqlQuery to produce literal","Tests: (1) three column mapping; and (2) concatenation of columns to produce literal, by using a rr:sqlQuery",http://www.w3.org/TR/r2rml/#dfn-sql-query,table,CSV,false,resource.sql,,,R2RMLTC0003b,,
RMLTC0003b-PostgreSQL,14b,java,"Three columns mapping, concatenation of columns, by using a rr:sqlQuery to produce literal","Tests: (1) three column mapping; and (2) concatenation of columns to produce literal, by using a rr:sqlQuery",http://www.w3.org/TR/r2rml/#dfn-sql-query,table,CSV,false,resource.sql,,,R2RMLTC0003b,,
RMLTC0003b-SQLServer,14c,java,"Three columns mapping, concatenation of columns, by using a rr:sqlQuery to produce literal","Tests: (1) three column mapping; and (2) concatenation of columns to produce literal, by using a rr:sqlQuery",http://www.w3.org/TR/r2rml/#dfn-sql-query,table,CSV,false,resource.sql,,,R2RMLTC0003b,,
RMLTC0003c-CSV,15a,java,"Three columns mapping, by using a rr:template to produce literal",Tests: (1) three column mapping; and (2) the use of rr:template to produce literal,,CSV,CSV,false,student.csv,,,R2RMLTC0003c,,
RMLTC0003c-JSON,15b,java,"Three columns mapping, by using a rr:template to produce literal",Tests: (1) three column mapping; and (2) the use of rr:template to produce literal,,JSON,JSONPath,false,student.json,,,R2RMLTC0003c,,
RMLTC0003c-XML,15c,java,"Three columns mapping, by using a rr:template to produce literal",Tests: (1) three column mapping; and (2) the use of rr:template to produce literal,,XML,XPath,false,student.xml,,,R2RMLTC0003c,,
RMLTC0003c-MySQL,15d,java,"Three columns mapping, by using a rr:template to produce literal",Tests: (1) three column mapping; and (2) the use of rr:template to produce literal,http://www.w3.org/TR/r2rml/#from-template,table,CSV,false,resource.sql,,,R2RMLTC0003c,,
RMLTC0003c-PostgreSQL,15e,java,"Three columns mapping, by using a rr:template to produce literal",Tests: (1) three column mapping; and (2) the use of rr:template to produce literal,http://www.w3.org/TR/r2rml/#from-template,table,CSV,false,resource.sql,,,R2RMLTC0003c,,
RMLTC0003c-SQLServer,15f,java,"Three columns mapping, by using a rr:template to produce literal",Tests: (1) three column mapping; and (2) the use of rr:template to produce literal,http://www.w3.org/TR/r2rml/#from-template,table,CSV,false,resource.sql,,,R2RMLTC0003c,,
RMLTC0003c-SPARQL,15g,java,"Three tripple mapping, by using a rr:template to produce literal",Tests: (1) three column mapping; and (2) the use of rr:template to produce literal,,RDF,XPath,false,resource.ttl,,,N/A,,
RMLTC0004a-CSV,16a,java,"Two column mapping, from one row table to two different triples","Tests: (1) two column mapping, (2) subject URI generated by a column value; (3) from one row table to two different triples (4) typing by using rr:class",,CSV,CSV,false,student_sport.csv,,,R2RMLTC0004a,,
RMLTC0004a-JSON,16b,java,"Two column mapping, from one row table to two different triples","Tests: (1) two column mapping, (2) subject URI generated by a column value; (3) from one row table to two different triples (4) typing by using rr:class",,JSON,JSONPath,false,student_sport.json,,,R2RMLTC0004a,,
RMLTC0004a-XML,16c,java,"Two column mapping, from one row table to two different triples","Tests: (1) two column mapping, (2) subject URI generated by a column value; (3) from one row table to two different triples (4) typing by using rr:class",,XML,XPath,false,student_sport.xml,,,R2RMLTC0004a,,
RMLTC0004a-MySQL,16d,java,"Two column mapping, from one row table to two different triples","Tests: (1) two column mapping, (2) subject URI generated by a column value; (3) from one row table to two different triples (4) typing by using rr:class",http://www.w3.org/TR/r2rml/#typing,table,CSV,false,resource.sql,,,R2RMLTC0004a,,
RMLTC0004a-PostgreSQL,16e,java,"Two column mapping, from one row table to two different triples","Tests: (1) two column mapping, (2) subject URI generated by a column value; (3) from one row table to two different triples (4) typing by using rr:class",http://www.w3.org/TR/r2rml/#typing,table,CSV,false,resource.sql,,,R2RMLTC0004a,,
RMLTC0004a-SQLServer,16f,java,"Two column mapping, from one row table to two different triples","Tests: (1) two column mapping, (2) subject URI generated by a column value; (3) from one row table to two different triples (4) typing by using rr:class",http://www.w3.org/TR/r2rml/#typing,table,CSV,false,resource.sql,,,R2RMLTC0004a,,
RMLTC0004a-SPARQL,16g,java,"Two BlankNodes mapping, from one object to two different triples","Tests: (1) two BlankNodes mapping, (2) subject URI generated by a tripple object value; (3) from one BlankNode to two different triples (4) typing by using rr:class",,RDF,XPath,false,resource.ttl,,,N/A,,
RMLTC0004b-CSV,17a,java,"One column mapping, presence of rr:termType rr:Literal on rr:subjectMap","Tests: (1) one column mapping (2) the presence of rr:termType rr:Literal on rr:subjectMap, which is invalid",,CSV,CSV,true,student.csv,,,R2RMLTC0004b,,
RMLTC0004b-JSON,17b,java,"One column mapping, presence of rr:termType rr:Literal on rr:subjectMap","Tests: (1) one column mapping (2) the presence of rr:termType rr:Literal on rr:subjectMap, which is invalid",,JSON,JSONPath,true,student.json,,,R2RMLTC0004b,,
RMLTC0004b-XML,17c,java,"One column mapping, presence of rr:termType rr:Literal on rr:subjectMap","Tests: (1) one column mapping (2) the presence of rr:termType rr:Literal on rr:subjectMap, which is invalid",,XML,XPath,true,student.xml,,,R2RMLTC0004b,,
RMLTC0004b-MySQL,17d,java,"One column mapping, presence of rr:termType rr:Literal on rr:subjectMap","Tests: (1) one column mapping (2) the presence of rr:termType rr:Literal on rr:subjectMap, which is invalid",http://www.w3.org/TR/r2rml/#termtype,table,CSV,true,resource.sql,,,R2RMLTC0004b,,
RMLTC0004b-PostgreSQL,17e,java,"One column mapping, presence of rr:termType rr:Literal on rr:subjectMap","Tests: (1) one column mapping (2) the presence of rr:termType rr:Literal on rr:subjectMap, which is invalid",http://www.w3.org/TR/r2rml/#termtype,table,CSV,true,resource.sql,,,R2RMLTC0004b,,
RMLTC0004b-SQLServer,17f,java,"One column mapping, presence of rr:termType rr:Literal on rr:subjectMap","Tests: (1) one column mapping (2) the presence of rr:termType rr:Literal on rr:subjectMap, which is invalid",http://www.w3.org/TR/r2rml/#termtype,table,CSV,true,resource.sql,,,R2RMLTC0004b,,
RMLTC0004b-SPARQL,17g,java,"One tripple mapping, presence of rr:termType rr:Literal on rr:subjectMap","Tests: (1) one column mapping (2) the presence of rr:termType rr:Literal on rr:subjectMap, which is invalid",,RDF,XPath,true,resource.ttl,,,R2RMLTC0004b,,
RMLTC0005a-CSV,18a,,Typing of resources,Tests the typing of resources,,CSV,CSV,false,ious.csv,,,R2RMLTC0005a,,
RMLTC0005a-JSON,18b,,Typing of resources,Tests the typing of resources,,JSON,JSONPath,false,ious.json,,,R2RMLTC0005a,,
RMLTC0005a-XML,18c,,Typing of resources,Tests the typing of resources,,XML,XPath,false,ious.xml,,,R2RMLTC0005a,,
RMLTC0005a-MySQL,18d,,Typing of resources,Tests the typing of resources,http://www.w3.org/TR/r2rml/#typing,table,CSV,false,resource.sql,,,R2RMLTC0005a,,
RMLTC0005a-PostgreSQL,18e,,Typing of resources,Tests the typing of resources,http://www.w3.org/TR/r2rml/#typing,table,CSV,false,resource.sql,,,R2RMLTC0005a,,
RMLTC0005a-SQLServer,18f,,Typing of resources,Tests the typing of resources,http://www.w3.org/TR/r2rml/#typing,table,CSV,false,resource.sql,,,R2RMLTC0005a,,
RMLTC0005b-MySQL,19a,,Default mapping,Tests the generation of a default mapping for tables without a primary key,http://www.w3.org/TR/r2rml/#default-mappings,table,CSV,false,resource.sql,,,R2RMLTC0005b,,primary key is not used in XML/JSON/CSV
RMLTC0005b-PostgreSQL,19b,,Default mapping,Tests the generation of a default mapping for tables without a primary key,http://www.w3.org/TR/r2rml/#default-mappings,table,CSV,false,resource.sql,,,R2RMLTC0005b,,
RMLTC0005b-SQLServer,19c,,Default mapping,Tests the generation of a default mapping for tables without a primary key,http://www.w3.org/TR/r2rml/#default-mappings,table,CSV,false,resource.sql,,,R2RMLTC0005b,,
RMLTC0006a-CSV,20a,java,"Long form of R2RML by using rr:constant in rr:subjectMap, rr:predicateMap, rr:objectMap and rr:graphMap","Tests the use of rr:constant in rr:subjectMap, rr:predicateMap, rr:objectMap and rr:graphMap",http://www.w3.org/TR/r2rml/#constant,CSV,CSV,false,student.csv,,,R2RMLTC0006a,,
RMLTC0006a-JSON,20b,java,"Long form of R2RML by using rr:constant in rr:subjectMap, rr:predicateMap, rr:objectMap and rr:graphMap","Tests the use of rr:constant in rr:subjectMap, rr:predicateMap, rr:objectMap and rr:graphMap",http://www.w3.org/TR/r2rml/#constant,JSON,JSONPath,false,student.json,,,R2RMLTC0006a,,
RMLTC0006a-XML,20c,java,"Long form of R2RML by using rr:constant in rr:subjectMap, rr:predicateMap, rr:objectMap and rr:graphMap","Tests the use of rr:constant in rr:subjectMap, rr:predicateMap, rr:objectMap and rr:graphMap",http://www.w3.org/TR/r2rml/#constant,XML,XPath,false,student.xml,,,R2RMLTC0006a,,
RMLTC0006a-MySQL,30d,java,"Long form of R2RML by using rr:constant in rr:subjectMap, rr:predicateMap, rr:objectMap and rr:graphMap","Tests the use of rr:constant in rr:subjectMap, rr:predicateMap, rr:objectMap and rr:graphMap",http://www.w3.org/TR/r2rml/#constant,table,CSV,false,resource.sql,,,R2RMLTC0006a,,
RMLTC0006a-PostgreSQL,20e,java,"Long form of R2RML by using rr:constant in rr:subjectMap, rr:predicateMap, rr:objectMap and rr:graphMap","Tests the use of rr:constant in rr:subjectMap, rr:predicateMap, rr:objectMap and rr:graphMap",http://www.w3.org/TR/r2rml/#constant,table,CSV,false,resource.sql,,,R2RMLTC0006a,,
RMLTC0006a-SQLServer,20f,java,"Long form of R2RML by using rr:constant in rr:subjectMap, rr:predicateMap, rr:objectMap and rr:graphMap","Tests the use of rr:constant in rr:subjectMap, rr:predicateMap, rr:objectMap and rr:graphMap",http://www.w3.org/TR/r2rml/#constant,table,CSV,false,resource.sql,,,R2RMLTC0006a,,
RMLTC0006a-SPARQL,20g,java,"rr:constant in rr:subjectMap, rr:predicateMap, rr:objectMap and rr:graphMap","Tests the use of rr:constant in rr:subjectMap, rr:predicateMap, rr:objectMap and rr:graphMap",http://www.w3.org/TR/r2rml/#constant,RDF,XPath,false,resource.ttl,,,R2RMLTC0006a,,
RMLTC0007a-CSV,21a,java,Typing resources by relying on rdf:type predicate,Tests the typing resources by relying on rdf:type predicate,http://www.w3.org/TR/r2rml/#typing,CSV,CSV,false,student.csv,,,R2RMLTC0007a,,
RMLTC0007a-JSON,21b,java,Typing resources by relying on rdf:type predicate,Tests the typing resources by relying on rdf:type predicate,http://www.w3.org/TR/r2rml/#typing,JSON,JSONPath,false,student.json,,,R2RMLTC0007a,,
RMLTC0007a-XML,21c,java,Typing resources by relying on rdf:type predicate,Tests the typing resources by relying on rdf:type predicate,http://www.w3.org/TR/r2rml/#typing,XML,XPath,false,student.xml,,,R2RMLTC0007a,,
RMLTC0007a-MySQL,21d,java,Typing resources by relying on rdf:type predicate,Tests the typing resources by relying on rdf:type predicate,http://www.w3.org/TR/r2rml/#typing,table,CSV,false,resource.sql,,,R2RMLTC0007a,,
RMLTC0007a-PostgreSQL,21e,java,Typing resources by relying on rdf:type predicate,Tests the typing resources by relying on rdf:type predicate,http://www.w3.org/TR/r2rml/#typing,table,CSV,false,resource.sql,,,R2RMLTC0007a,,
RMLTC0007a-SQLServer,21f,java,Typing resources by relying on rdf:type predicate,Tests the typing resources by relying on rdf:type predicate,http://www.w3.org/TR/r2rml/#typing,table,CSV,false,resource.sql,,,R2RMLTC0007a,,
RMLTC0007a-SPARQL,21g,java,Typing resources by relying on rdf:type predicate,Tests the typing resources by relying on rdf:type predicate,http://www.w3.org/TR/r2rml/#typing,RDF,XPath,false,resource.ttl,,,R2RMLTC0007a,,
RMLTC0007b-CSV,22a,java,Assigning triples to Named Graphs,Tests the generation of triples to a named graph,http://www.w3.org/TR/r2rml/#named-graphs,CSV,CSV,false,student.csv,,,R2RMLTC0007b,,
RMLTC0007b-JSON,22b,java,Assigning triples to Named Graphs,Tests the generation of triples to a named graph,http://www.w3.org/TR/r2rml/#named-graphs,JSON,JSONPath,false,student.json,,,R2RMLTC0007b,,
RMLTC0007b-XML,22c,java,Assigning triples to Named Graphs,Tests the generation of triples to a named graph,http://www.w3.org/TR/r2rml/#named-graphs,XML,XPath,false,student.xml,,,R2RMLTC0007b,,
RMLTC0007b-MySQL,22d,java,Assigning triples to Named Graphs,Tests the generation of triples to a named graph,http://www.w3.org/TR/r2rml/#named-graphs,table,CSV,false,resource.sql,,,R2RMLTC0007b,,
RMLTC0007b-PostgreSQL,22e,java,Assigning triples to Named Graphs,Tests the generation of triples to a named graph,http://www.w3.org/TR/r2rml/#named-graphs,table,CSV,false,resource.sql,,,R2RMLTC0007b,,
RMLTC0007b-SQLServer,22f,java,Assigning triples to Named Graphs,Tests the generation of triples to a named graph,http://www.w3.org/TR/r2rml/#named-graphs,table,CSV,false,resource.sql,,,R2RMLTC0007b,,
RMLTC0007b-SPARQL,22g,java,Assigning triples to Named Graphs,Tests the generation of triples to a named graph,http://www.w3.org/TR/r2rml/#named-graphs,RDF,XPath,false,resource.ttl,,,R2RMLTC0007b,,
RMLTC0007c-CSV,23a,java,"One row mapping, using rr:class","Tests subjectmap with more than one class IRIs, rr:class",http://www.w3.org/TR/r2rml/#typing,CSV,CSV,false,student.csv,,,R2RMLTC0007c,,
RMLTC0007c-JSON,23b,java,"One row mapping, using rr:class","Tests subjectmap with more than one class IRIs, rr:class",http://www.w3.org/TR/r2rml/#typing,JSON,JSONPath,false,student.json,,,R2RMLTC0007c,,
RMLTC0007c-XML,23c,java,"One row mapping, using rr:class","Tests subjectmap with more than one class IRIs, rr:class",http://www.w3.org/TR/r2rml/#typing,XML,XPath,false,student.xml,,,R2RMLTC0007c,,
RMLTC0007c-MySQL,23d,java,"One row mapping, using rr:class","Tests subjectmap with more than one class IRIs, rr:class",http://www.w3.org/TR/r2rml/#typing,table,CSV,false,resource.sql,,,R2RMLTC0007c,,
RMLTC0007c-PostgreSQL,23e,java,"One row mapping, using rr:class","Tests subjectmap with more than one class IRIs, rr:class",http://www.w3.org/TR/r2rml/#typing,table,CSV,false,resource.sql,,,R2RMLTC0007c,,
RMLTC0007c-SQLServer,23f,java,"One row mapping, using rr:class","Tests subjectmap with more than one class IRIs, rr:class",http://www.w3.org/TR/r2rml/#typing,table,CSV,false,resource.sql,,,R2RMLTC0007c,,
RMLTC0007c-SPARQL,23g,java,"One object mapping, using rr:class","Tests subjectmap with more than one class IRIs, rr:class",http://www.w3.org/TR/r2rml/#typing,RDF,XPath,false,resource.ttl,,,R2RMLTC0007c,,
RMLTC0007d-CSV,24a,java,"One column mapping, specifying an rr:predicateObjectMap with rdf:type","Tests subjectmap with an alternative of having rr:class, i.e., by specifying an rr:predicateObjectMap with predicate rdf:type",http://www.w3.org/TR/r2rml/#typing,CSV,CSV,false,student.csv,,,R2RMLTC0007d,,
RMLTC0007d-JSON,24b,java,"One column mapping, specifying an rr:predicateObjectMap with rdf:type","Tests subjectmap with an alternative of having rr:class, i.e., by specifying an rr:predicateObjectMap with predicate rdf:type",http://www.w3.org/TR/r2rml/#typing,JSON,JSONPath,false,student.json,,,R2RMLTC0007d,,
RMLTC0007d-XML,24c,java,"One column mapping, specifying an rr:predicateObjectMap with rdf:type","Tests subjectmap with an alternative of having rr:class, i.e., by specifying an rr:predicateObjectMap with predicate rdf:type",http://www.w3.org/TR/r2rml/#typing,XML,XPath,false,student.xml,,,R2RMLTC0007d,,
RMLTC0007d-MySQL,24d,java,"One column mapping, specifying an rr:predicateObjectMap with rdf:type","Tests subjectmap with an alternative of having rr:class, i.e., by specifying an rr:predicateObjectMap with predicate rdf:type",http://www.w3.org/TR/r2rml/#typing,table,CSV,false,resource.sql,,,R2RMLTC0007d,,
RMLTC0007d-PostgreSQL,24e,java,"One column mapping, specifying an rr:predicateObjectMap with rdf:type","Tests subjectmap with an alternative of having rr:class, i.e., by specifying an rr:predicateObjectMap with predicate rdf:type",http://www.w3.org/TR/r2rml/#typing,table,CSV,false,resource.sql,,,R2RMLTC0007d,,
RMLTC0007d-SQLServer,24f,java,"One column mapping, specifying an rr:predicateObjectMap with rdf:type","Tests subjectmap with an alternative of having rr:class, i.e., by specifying an rr:predicateObjectMap with predicate rdf:type",http://www.w3.org/TR/r2rml/#typing,table,CSV,false,resource.sql,,,R2RMLTC0007d,,
RMLTC0007d-SPARQL,24g,java,"One object mapping, specifying an rr:predicateObjectMap with rdf:type","Tests subjectmap with an alternative of having rr:class, i.e., by specifying an rr:predicateObjectMap with predicate rdf:type",http://www.w3.org/TR/r2rml/#typing,RDF,XPath,false,resource.ttl,,,R2RMLTC0007d,,
RMLTC0007e-CSV,25a,java,"One column mapping, using rr:graphMap and rr:class",Tests subjectmap with rr:graphMap and rr:class,http://www.w3.org/TR/r2rml/#named-graphs,CSV,CSV,false,student.csv,,,R2RMLTC0007e,,
RMLTC0007e-JSON,25b,java,"One column mapping, using rr:graphMap and rr:class",Tests subjectmap with rr:graphMap and rr:class,http://www.w3.org/TR/r2rml/#named-graphs,JSON,JSONPath,false,student.json,,,R2RMLTC0007e,,
RMLTC0007e-XML,25c,java,"One column mapping, using rr:graphMap and rr:class",Tests subjectmap with rr:graphMap and rr:class,http://www.w3.org/TR/r2rml/#named-graphs,XML,XPath,false,student.xml,,,R2RMLTC0007e,,
RMLTC0007e-MySQL,25d,java,"One column mapping, using rr:graphMap and rr:class",Tests subjectmap with rr:graphMap and rr:class,http://www.w3.org/TR/r2rml/#named-graphs,table,CSV,false,resource.sql,,,R2RMLTC0007e,,
RMLTC0007e-PostgreSQL,25e,java,"One column mapping, using rr:graphMap and rr:class",Tests subjectmap with rr:graphMap and rr:class,http://www.w3.org/TR/r2rml/#named-graphs,table,CSV,false,resource.sql,,,R2RMLTC0007e,,
RMLTC0007e-SQLServer,25f,java,"One column mapping, using rr:graphMap and rr:class",Tests subjectmap with rr:graphMap and rr:class,http://www.w3.org/TR/r2rml/#named-graphs,table,CSV,false,resource.sql,,,R2RMLTC0007e,,
RMLTC0007e-SPARQL,25g,java,"One object mapping, using rr:graphMap and rr:class",Tests subjectmap with rr:graphMap and rr:class,http://www.w3.org/TR/r2rml/#named-graphs,RDF,XPath,false,resource.ttl,,,R2RMLTC0007e,,
RMLTC0007f-CSV,26a,java,"One column mapping, using rr:graphMap and specifying an rr:predicateObjectMap with rdf:type",Tests subjectmap with rr:graphMap and specifying an rr:predicateObjectMap with predicate rdf:type,http://www.w3.org/TR/r2rml/#named-graphs,CSV,CSV,false,student.csv,,,R2RMLTC0007f,,
RMLTC0007f-JSON,26b,java,"One column mapping, using rr:graphMap and specifying an rr:predicateObjectMap with rdf:type",Tests subjectmap with rr:graphMap and specifying an rr:predicateObjectMap with predicate rdf:type,http://www.w3.org/TR/r2rml/#named-graphs,JSON,JSONPath,false,student.json,,,R2RMLTC0007f,,
RMLTC0007f-XML,26c,java,"One column mapping, using rr:graphMap and specifying an rr:predicateObjectMap with rdf:type",Tests subjectmap with rr:graphMap and specifying an rr:predicateObjectMap with predicate rdf:type,http://www.w3.org/TR/r2rml/#named-graphs,XML,XPath,false,student.xml,,,R2RMLTC0007f,,
RMLTC0007f-MySQL,26d,java,"One column mapping, using rr:graphMap and specifying an rr:predicateObjectMap with rdf:type",Tests subjectmap with rr:graphMap and specifying an rr:predicateObjectMap with predicate rdf:type,http://www.w3.org/TR/r2rml/#named-graphs,table,CSV,false,resource.sql,,,R2RMLTC0007f,,
RMLTC0007f-PostgreSQL,26e,java,"One column mapping, using rr:graphMap and specifying an rr:predicateObjectMap with rdf:type",Tests subjectmap with rr:graphMap and specifying an rr:predicateObjectMap with predicate rdf:type,http://www.w3.org/TR/r2rml/#named-graphs,table,CSV,false,resource.sql,,,R2RMLTC0007f,,
RMLTC0007f-SQLServer,26f,java,"One column mapping, using rr:graphMap and specifying an rr:predicateObjectMap with rdf:type",Tests subjectmap with rr:graphMap and specifying an rr:predicateObjectMap with predicate rdf:type,http://www.w3.org/TR/r2rml/#named-graphs,table,CSV,false,resource.sql,,,R2RMLTC0007f,,
RMLTC0007f-SPARQL,26g,java,"One object mapping, using rr:graphMap and specifying an rr:predicateObjectMap with rdf:type",Tests subjectmap with rr:graphMap and specifying an rr:predicateObjectMap with predicate rdf:type,http://www.w3.org/TR/r2rml/#named-graphs,RDF,XPath,false,resource.ttl,,,R2RMLTC0007f,,
RMLTC0007g-CSV,27a,java,Assigning triples to the default graph,Tests the generation of triples to the default graph,http://www.w3.org/TR/r2rml/#named-graphs,CSV,CSV,false,student.csv,,,R2RMLTC0007g,,
RMLTC0007g-JSON,27b,java,Assigning triples to the default graph,Tests the generation of triples to the default graph,http://www.w3.org/TR/r2rml/#named-graphs,JSON,JSONPath,false,student.json,,,R2RMLTC0007g,,
RMLTC0007g-XML,27c,java,Assigning triples to the default graph,Tests the generation of triples to the default graph,http://www.w3.org/TR/r2rml/#named-graphs,XML,XPath,false,student.xml,,,R2RMLTC0007g,,
RMLTC0007g-MySQL,27d,java,Assigning triples to the default graph,Tests the generation of triples to the default graph,http://www.w3.org/TR/r2rml/#named-graphs,table,CSV,false,resource.sql,,,R2RMLTC0007g,,
RMLTC0007g-PostgreSQL,27e,java,Assigning triples to the default graph,Tests the generation of triples to the default graph,http://www.w3.org/TR/r2rml/#named-graphs,table,CSV,false,resource.sql,,,R2RMLTC0007g,,
RMLTC0007g-SQLServer,27f,java,Assigning triples to the default graph,Tests the generation of triples to the default graph,http://www.w3.org/TR/r2rml/#named-graphs,table,CSV,false,resource.sql,,,R2RMLTC0007g,,
RMLTC0007g-SPARQL,27g,java,Assigning triples to the default graph,Tests the generation of triples to the default graph,http://www.w3.org/TR/r2rml/#named-graphs,RDF,XPath,false,resource.ttl,,,R2RMLTC0007g,,
RMLTC0007h-CSV,28a,java,Assigning triples to a non-IRI named graph,"Tests the generation of triples to a non-IRI named graph, which is an error",http://www.w3.org/TR/r2rml/#named-graphs,CSV,CSV,false,student.csv,,,R2RMLTC0007h,,
RMLTC0007h-JSON,28b,java,Assigning triples to a non-IRI named graph,"Tests the generation of triples to a non-IRI named graph, which is an error",http://www.w3.org/TR/r2rml/#named-graphs,JSON,JSONPath,false,student.json,,,R2RMLTC0007h,,
RMLTC0007h-XML,28c,java,Assigning triples to a non-IRI named graph,"Tests the generation of triples to a non-IRI named graph, which is an error",http://www.w3.org/TR/r2rml/#named-graphs,XML,XPath,false,student.xml,,,R2RMLTC0007h,,
RMLTC0007h-MySQL,28d,java,Assigning triples to a non-IRI named graph,"Tests the generation of triples to a non-IRI named graph, which is an error",http://www.w3.org/TR/r2rml/#named-graphs,table,CSV,false,resource.sql,,,R2RMLTC0007h,,
RMLTC0007h-PostgreSQL,28e,java,Assigning triples to a non-IRI named graph,"Tests the generation of triples to a non-IRI named graph, which is an error",http://www.w3.org/TR/r2rml/#named-graphs,table,CSV,false,resource.sql,,,R2RMLTC0007h,,
RMLTC0007h-SQLServer,28f,java,Assigning triples to a non-IRI named graph,"Tests the generation of triples to a non-IRI named graph, which is an error",http://www.w3.org/TR/r2rml/#named-graphs,table,CSV,false,resource.sql,,,R2RMLTC0007h,,
RMLTC0007h-SPARQL,28g,java,Assigning triples to a non-IRI named graph,"Tests the generation of triples to a non-IRI named graph, which is an error",http://www.w3.org/TR/r2rml/#named-graphs,RDF,XPath,false,resource.ttl,,,R2RMLTC0007h,,
RMLTC0008a-CSV,29a,java,Generation of triples to a target graph by using rr:graphMap and rr:template,Test that results of the mapping can be directed to a target graph by using rr:graphMap and rr:template,http://www.w3.org/TR/r2rml/#named-graphs,CSV,CSV,false,student.csv,,,R2RMLTC0008a,,
RMLTC0008a-JSON,29b,java,Generation of triples to a target graph by using rr:graphMap and rr:template,Test that results of the mapping can be directed to a target graph by using rr:graphMap and rr:template,http://www.w3.org/TR/r2rml/#named-graphs,JSON,JSONPath,false,student.json,,,R2RMLTC0008a,,
RMLTC0008a-XML,29c,java,Generation of triples to a target graph by using rr:graphMap and rr:template,Test that results of the mapping can be directed to a target graph by using rr:graphMap and rr:template,http://www.w3.org/TR/r2rml/#named-graphs,XML,XPath,false,student.xml,,,R2RMLTC0008a,,
RMLTC0008a-MySQL,29d,java,Generation of triples to a target graph by using rr:graphMap and rr:template,Test that results of the mapping can be directed to a target graph by using rr:graphMap and rr:template,http://www.w3.org/TR/r2rml/#named-graphs,table,CSV,false,resource.sql,,,R2RMLTC0008a,,
RMLTC0008a-PostgreSQL,29e,java,Generation of triples to a target graph by using rr:graphMap and rr:template,Test that results of the mapping can be directed to a target graph by using rr:graphMap and rr:template,http://www.w3.org/TR/r2rml/#named-graphs,table,CSV,false,resource.sql,,,R2RMLTC0008a,,
RMLTC0008a-SQLServer,29f,java,Generation of triples to a target graph by using rr:graphMap and rr:template,Test that results of the mapping can be directed to a target graph by using rr:graphMap and rr:template,http://www.w3.org/TR/r2rml/#named-graphs,table,CSV,false,resource.sql,,,R2RMLTC0008a,,
RMLTC0008a-SPARQL,29g,java,Generation of triples to a target graph by using rr:graphMap and rr:template,Test that results of the mapping can be directed to a target graph by using rr:graphMap and rr:template,http://www.w3.org/TR/r2rml/#named-graphs,RDF,XPath,false,resource.ttl,,,R2RMLTC0008a,,
RMLTC0008b-CSV,30a,java,Generation of triples referencing object map,Tests the mapping specification referencing object map without join,http://www.w3.org/TR/r2rml/#dfn-referencing-object-map,CSV,CSV,false,student.csv,,,R2RMLTC0008b,,
RMLTC0008b-JSON,30b,java,Generation of triples referencing object map,Tests the mapping specification referencing object map without join,http://www.w3.org/TR/r2rml/#dfn-referencing-object-map,JSON,JSONPath,false,student.json,,,R2RMLTC0008b,,
RMLTC0008b-XML,30c,java,Generation of triples referencing object map,Tests the mapping specification referencing object map without join,http://www.w3.org/TR/r2rml/#dfn-referencing-object-map,XML,XPath,false,student.xml,,,R2RMLTC0008b,,
RMLTC0008b-MySQL,30d,java,Generation of triples referencing object map,Tests the mapping specification referencing object map without join,http://www.w3.org/TR/r2rml/#dfn-referencing-object-map,table,CSV,false,resource.sql,,,R2RMLTC0008b,,
RMLTC0008b-PostgreSQL,30e,java,Generation of triples referencing object map,Tests the mapping specification referencing object map without join,http://www.w3.org/TR/r2rml/#dfn-referencing-object-map,table,CSV,false,resource.sql,,,R2RMLTC0008b,,
RMLTC0008b-SQLServer,30f,java,Generation of triples referencing object map,Tests the mapping specification referencing object map without join,http://www.w3.org/TR/r2rml/#dfn-referencing-object-map,table,CSV,false,resource.sql,,,R2RMLTC0008b,,
RMLTC0008b-SPARQL,30g,java,Generation of triples referencing object map,Tests the mapping specification referencing object map without join,http://www.w3.org/TR/r2rml/#dfn-referencing-object-map,RDF,XPath,false,resource.ttl,,,R2RMLTC0008b,,
RMLTC0008c-CSV,31a,java,Generation of triples by using multiple predicateMaps within a rr:predicateObjectMap,Tests the generation of triples by using multiple predicateMaps within a rr:predicateObjectMap,,CSV,CSV,false,student.csv,,,R2RMLTC0008c,,
RMLTC0008c-JSON,31b,java,Generation of triples by using multiple predicateMaps within a rr:predicateObjectMap,Tests the generation of triples by using multiple predicateMaps within a rr:predicateObjectMap,,JSON,JSONPath,false,student.json,,,R2RMLTC0008c,,
RMLTC0008c-XML,31c,java,Generation of triples by using multiple predicateMaps within a rr:predicateObjectMap,Tests the generation of triples by using multiple predicateMaps within a rr:predicateObjectMap,,XML,XPath,false,student.xml,,,R2RMLTC0008c,,
RMLTC0008c-MySQL,31d,java,Generation of triples by using multiple predicateMaps within a rr:predicateObjectMap,Tests the generation of triples by using multiple predicateMaps within a rr:predicateObjectMap,http://www.w3.org/TR/r2rml/#physical-tables,table,CSV,false,resource.sql,,,R2RMLTC0008c,,
RMLTC0008c-PostgreSQL,31e,java,Generation of triples by using multiple predicateMaps within a rr:predicateObjectMap,Tests the generation of triples by using multiple predicateMaps within a rr:predicateObjectMap,http://www.w3.org/TR/r2rml/#physical-tables,table,CSV,false,resource.sql,,,R2RMLTC0008c,,
RMLTC0008c-SQLServer,31f,java,Generation of triples by using multiple predicateMaps within a rr:predicateObjectMap,Tests the generation of triples by using multiple predicateMaps within a rr:predicateObjectMap,http://www.w3.org/TR/r2rml/#physical-tables,table,CSV,false,resource.sql,,,R2RMLTC0008c,,
RMLTC0008c-SPARQL,31g,java,Generation of triples by using multiple predicateMaps within a rr:predicateObjectMap,Tests the generation of triples by using multiple predicateMaps within a rr:predicateObjectMap,,RDF,XPath,false,resource.ttl,,,R2RMLTC0008c,,
RMLTC0009a-CSV,32a,java,Generation of triples from foreign key relations,Test foreign key relationships among logical tables,http://www.w3.org/TR/r2rml/#foreign-key,CSV,CSV,false,sport.csv,student.csv,,R2RMLTC0009a,,
RMLTC0009a-JSON,32b,java,Generation of triples from foreign key relations,Test foreign key relationships among logical tables,http://www.w3.org/TR/r2rml/#foreign-key,JSON,JSONPath,false,sport.json,student.json,,R2RMLTC0009a,,
RMLTC0009a-XML,32c,java,Generation of triples from foreign key relations,Test foreign key relationships among logical tables,http://www.w3.org/TR/r2rml/#foreign-key,XML,XPath,false,sport.xml,student.xml,,R2RMLTC0009a,,
RMLTC0009a-MySQL,32d,java,Generation of triples from foreign key relations,Test foreign key relationships among logical tables,http://www.w3.org/TR/r2rml/#foreign-key,table,CSV,false,resource.sql,,,R2RMLTC0009a,,
RMLTC0009a-PostgreSQL,32e,,Generation of triples from foreign key relations,Test foreign key relationships among logical tables,http://www.w3.org/TR/r2rml/#foreign-key,table,CSV,false,resource.sql,,,R2RMLTC0009a,,
RMLTC0009a-SQLServer,32f,,Generation of triples from foreign key relations,Test foreign key relationships among logical tables,http://www.w3.org/TR/r2rml/#foreign-key,table,CSV,false,resource.sql,,,R2RMLTC0009a,,
RMLTC0009a-SPARQL,32g,,Generation of triples from foreign key relations,Test foreign key relationships among logical tables,http://www.w3.org/TR/r2rml/#foreign-key,RDF,XPath,false,resource.ttl,,,R2RMLTC0009a,,
RMLTC0009b-CSV,33a,java,Generation of triples to multiple graphs,Test that results from distinct parts of the mapping can be directed to different target graphs.,http://www.w3.org/TR/r2rml/#named-graphs,CSV,CSV,false,sport.csv,student.csv,,R2RMLTC0009b,,
RMLTC0009b-JSON,33b,java,Generation of triples to multiple graphs,Test that results from distinct parts of the mapping can be directed to different target graphs.,http://www.w3.org/TR/r2rml/#named-graphs,JSON,JSONPath,false,sport.json,student.json,,R2RMLTC0009b,,
RMLTC0009b-XML,33c,java,Generation of triples to multiple graphs,Test that results from distinct parts of the mapping can be directed to different target graphs.,http://www.w3.org/TR/r2rml/#named-graphs,XML,XPath,false,sport.xml,student.xml,,R2RMLTC0009b,,
RMLTC0009b-MySQL,33d,java,Generation of triples to multiple graphs,Test that results from distinct parts of the mapping can be directed to different target graphs.,http://www.w3.org/TR/r2rml/#named-graphs,table,CSV,false,resource.sql,,,R2RMLTC0009b,,
RMLTC0009b-PostgreSQL,33e,,Generation of triples to multiple graphs,Test that results from distinct parts of the mapping can be directed to different target graphs.,http://www.w3.org/TR/r2rml/#named-graphs,table,CSV,false,resource.sql,,,R2RMLTC0009b,,
RMLTC0009b-SQLServer,33f,,Generation of triples to multiple graphs,Test that results from distinct parts of the mapping can be directed to different target graphs.,http://www.w3.org/TR/r2rml/#named-graphs,table,CSV,false,resource.sql,,,R2RMLTC0009b,,
RMLTC0009b-SPARQL,33g,,Generation of triples to multiple graphs,Test that results from distinct parts of the mapping can be directed to different target graphs.,http://www.w3.org/TR/r2rml/#named-graphs,RDF,XPath,false,resource.ttl,,,R2RMLTC0009b,,
RMLTC0009c-MySQL,34a,,Unnamed column in a logical table,Test a logical table with unnamed column.,http://www.w3.org/TR/r2rml/#dfn-sql-query,table,CSV,false,resource.sql,,,R2RMLTC0009c,,
RMLTC0009c-PostgreSQL,34b,,Unnamed column in a logical table,Test a logical table with unnamed column.,http://www.w3.org/TR/r2rml/#dfn-sql-query,table,CSV,false,resource.sql,,,R2RMLTC0009c,,
RMLTC0009c-SQLServer,34c,,Unnamed column in a logical table,Test a logical table with unnamed column.,http://www.w3.org/TR/r2rml/#dfn-sql-query,table,CSV,false,resource.sql,,,R2RMLTC0009c,,
RMLTC0009d-MySQL,35a,,Named column in logical table,Test a logical table named column.,http://www.w3.org/TR/r2rml/#dfn-sql-query,table,CSV,false,resource.sql,,,R2RMLTC0009d,,
RMLTC0009d-PostgreSQL,35b,,Named column in logical table,Test a logical table named column.,http://www.w3.org/TR/r2rml/#dfn-sql-query,table,CSV,false,resource.sql,,,R2RMLTC0009d,,
RMLTC0009d-SQLServer,35c,,Named column in logical table,Test a logical table named column.,http://www.w3.org/TR/r2rml/#dfn-sql-query,table,CSV,false,resource.sql,,,R2RMLTC0009d,,
RMLTC0010a-CSV,36a,java,Template with table column with special chars,Tests a template with blank space in column value,http://www.w3.org/TR/r2rml/#dfn-template-valued-term-map,CSV,CSV,false,country_info.csv,,,R2RMLTC0010a,,
RMLTC0010a-JSON,36b,java,Template with table column with special chars,Tests a template with blank space in column value,http://www.w3.org/TR/r2rml/#dfn-template-valued-term-map,JSON,JSONPath,false,country_info.json,,,R2RMLTC0010a,,
RMLTC0010a-MySQL,36c,java,Template with table column with special chars,Tests a template with blank space in column value,http://www.w3.org/TR/r2rml/#dfn-template-valued-term-map,table,CSV,false,resource.sql,,,R2RMLTC0010a,,
RMLTC0010a-PostgreSQL,36d,java,Template with table column with special chars,Tests a template with blank space in column value,http://www.w3.org/TR/r2rml/#dfn-template-valued-term-map,table,CSV,false,resource.sql,,,R2RMLTC0010a,,
RMLTC0010a-SQLServer,36e,java,Template with table column with special chars,Tests a template with blank space in column value,http://www.w3.org/TR/r2rml/#dfn-template-valued-term-map,table,CSV,false,resource.sql,,,R2RMLTC0010a,,
RMLTC0010b-CSV,37a,java,Template with table columns with special chars,Tests a template with special chars in column value,http://www.w3.org/TR/r2rml/#dfn-template-valued-term-map,CSV,CSV,false,country_info.csv,,,R2RMLTC0010b,,
RMLTC0010b-JSON,37b,java,Template with table columns with special chars,Tests a template with special chars in column value,http://www.w3.org/TR/r2rml/#dfn-template-valued-term-map,JSON,JSONPath,false,country_info.json,,,R2RMLTC0010b,,
RMLTC0010b-XML,37c,java,Template with table columns with special chars,Tests a template with special chars in column value,http://www.w3.org/TR/r2rml/#dfn-template-valued-term-map,XML,XPath,false,country_info.xml,,,R2RMLTC0010b,,
RMLTC0010b-MySQL,37d,java,Template with table columns with special chars,Tests a template with special chars in column value,http://www.w3.org/TR/r2rml/#dfn-template-valued-term-map,table,CSV,false,resource.sql,,,R2RMLTC0010b,,
RMLTC0010b-PostgreSQL,37e,java,Template with table columns with special chars,Tests a template with special chars in column value,http://www.w3.org/TR/r2rml/#dfn-template-valued-term-map,table,CSV,false,resource.sql,,,R2RMLTC0010b,,
RMLTC0010b-SQLServer,37f,java,Template with table columns with special chars,Tests a template with special chars in column value,http://www.w3.org/TR/r2rml/#dfn-template-valued-term-map,table,CSV,false,resource.sql,,,R2RMLTC0010b,,
RMLTC0010c-CSV,38a,java,Template with table columns with special chars and backslashes,Tests a template with special chars in reference value and backslash escapes in string templates,http://www.w3.org/TR/r2rml/#dfn-template-valued-term-map,CSV,CSV,false,country_info.csv,,,R2RMLTC0010c,,
RMLTC0010c-JSON,38b,java,Template with table columns with special chars and backslashes,Tests a template with special chars in reference value and backslash escapes in string templates,http://www.w3.org/TR/r2rml/#dfn-template-valued-term-map,JSON,JSONPath,false,country_info.json,,,R2RMLTC0010c,,
RMLTC0010c-XML,38c,java,Template with table columns with special chars and backslashes,Tests a template with special chars in reference value and backslash escapes in string templates,http://www.w3.org/TR/r2rml/#dfn-template-valued-term-map,XML,XPath,false,country_info.xml,,,R2RMLTC0010c,,
RMLTC0010c-MySQL,38d,java,Template with table columns with special chars and backslashes,Tests a template with special chars in column value and backslash escapes in string templates,http://www.w3.org/TR/r2rml/#dfn-template-valued-term-map,table,CSV,false,resource.sql,,,R2RMLTC0010c,,
RMLTC0010c-PostgreSQL,38e,java,Template with table columns with special chars and backslashes,Tests a template with special chars in column value and backslash escapes in string templates,http://www.w3.org/TR/r2rml/#dfn-template-valued-term-map,table,CSV,false,resource.sql,,,R2RMLTC0010c,,
RMLTC0010c-SQLServer,38f,java,Template with table columns with special chars and backslashes,Tests a template with special chars in column value and backslash escapes in string templates,http://www.w3.org/TR/r2rml/#dfn-template-valued-term-map,table,CSV,false,resource.sql,,,R2RMLTC0010c,,
RMLTC0011a-MySQL,39a,,"M to M relation, by using a SQL query","Tests, M to M relations, by using a SQL query",http://www.w3.org/TR/r2rml/#r2rml-views,table,CSV,false,resource.sql,,,R2RMLTC0011a,,
RMLTC0011a-PostgreSQL,39b,,"M to M relation, by using a SQL query","Tests, M to M relations, by using a SQL query",http://www.w3.org/TR/r2rml/#r2rml-views,table,CSV,false,resource.sql,,,R2RMLTC0011a,,
RMLTC0011a-SQLServer,39c,,"M to M relation, by using a SQL query","Tests, M to M relations, by using a SQL query",http://www.w3.org/TR/r2rml/#r2rml-views,table,CSV,false,resource.sql,,,R2RMLTC0011a,,
RMLTC0011b-CSV,40a,java,"M to M relation, by using an additional Triples Map","Tests, M to M relations, by using an additional Triples Map",,CSV,CSV,false,student.csv,sport.csv,student_sport.csv,R2RMLTC0011b,,
RMLTC0011b-JSON,40b,java,"M to M relation, by using an additional Triples Map","Tests, M to M relations, by using an additional Triples Map",,JSON,JSONPath,false,student.json,sport.json,student_sport.json,R2RMLTC0011b,,
RMLTC0011b-XML,40c,java,"M to M relation, by using an additional Triples Map","Tests, M to M relations, by using an additional Triples Map",,XML,XPath,false,student.xml,sport.xml,student_sport.xml,R2RMLTC0011b,,
RMLTC0011b-MySQL,40d,java,"M to M relation, by using an additional Triples Map","Tests, M to M relations, by using an additional Triples Map",http://www.w3.org/TR/r2rml/#physical-tables,table,CSV,false,resource.sql,,,R2RMLTC0011b,,
RMLTC0011b-PostgreSQL,40e,java,"M to M relation, by using an additional Triples Map","Tests, M to M relations, by using an additional Triples Map",http://www.w3.org/TR/r2rml/#physical-tables,table,CSV,false,resource.sql,,,R2RMLTC0011b,,
RMLTC0011b-SQLServer,40f,java,"M to M relation, by using an additional Triples Map","Tests, M to M relations, by using an additional Triples Map",http://www.w3.org/TR/r2rml/#physical-tables,table,CSV,false,resource.sql,,,R2RMLTC0011b,,
RMLTC0012a-CSV,41a,java,Duplicate tuples generate same blank node,Tests that blank nodes with same identifier and in the same graph but generated by different logical rows are considered equivalent.,http://www.w3.org/TR/r2rml/#blank-nodes,CSV,CSV,false,persons.csv,,,R2RMLTC0012a,,
RMLTC0012a-JSON,41b,java,Duplicate tuples generate same blank node,Tests that blank nodes with same identifier and in the same graph but generated by different logical rows are considered equivalent.,http://www.w3.org/TR/r2rml/#blank-nodes,JSON,JSONPath,false,persons.json,,,R2RMLTC0012a,,
RMLTC0012a-XML,41c,java,Duplicate tuples generate same blank node,Tests that blank nodes with same identifier and in the same graph but generated by different logical rows are considered equivalent.,http://www.w3.org/TR/r2rml/#blank-nodes,XML,XPath,false,persons.xml,,,R2RMLTC0012a,,
RMLTC0012a-MySQL,41d,java,Duplicate tuples generate same blank node,Tests that blank nodes with same identifier and in the same graph but generated by different logical rows are considered equivalent.,http://www.w3.org/TR/r2rml/#blank-nodes,table,CSV,false,resource.sql,,,R2RMLTC0012a,,
RMLTC0012a-PostgreSQL,41e,java,Duplicate tuples generate same blank node,Tests that blank nodes with same identifier and in the same graph but generated by different logical rows are considered equivalent.,http://www.w3.org/TR/r2rml/#blank-nodes,table,CSV,false,resource.sql,,,R2RMLTC0012a,,
RMLTC0012a-SQLServer,41f,java,Duplicate tuples generate same blank node,Tests that blank nodes with same identifier and in the same graph but generated by different logical rows are considered equivalent.,http://www.w3.org/TR/r2rml/#blank-nodes,table,CSV,false,resource.sql,,,R2RMLTC0012a,,
RMLTC0012a-SPARQL,41g,java,Duplicate triples generate same blank node,Tests that blank nodes with same identifier and in the same graph but generated by different logical rows are considered equivalent.,http://www.w3.org/TR/r2rml/#blank-nodes,RDF,XPath,false,resource.ttl,,,R2RMLTC0012a,,
RMLTC0012b-CSV,42a,java,Duplicate tuples generate same blank node,Tests that blank nodes with same identifier and in the same graph but generated by different logical rows are considered equivalent.,http://www.w3.org/TR/r2rml/#blank-nodes,CSV,CSV,false,lives.csv,persons.csv,,R2RMLTC0012b,,
RMLTC0012b-JSON,42b,java,Duplicate tuples generate same blank node,Tests that blank nodes with same identifier and in the same graph but generated by different logical rows are considered equivalent.,http://www.w3.org/TR/r2rml/#blank-nodes,JSON,JSONPath,false,lives.json,persons.json,,R2RMLTC0012b,,
RMLTC0012b-XML,42c,java,Duplicate tuples generate same blank node,Tests that blank nodes with same identifier and in the same graph but generated by different logical rows are considered equivalent.,http://www.w3.org/TR/r2rml/#blank-nodes,XML,XPath,false,lives.xml,persons.xml,,R2RMLTC0012b,,
RMLTC0012b-MySQL,42d,java,Duplicate tuples generate same blank node,Tests that blank nodes with same identifier and in the same graph but generated by different logical rows are considered equivalent.,http://www.w3.org/TR/r2rml/#blank-nodes,table,CSV,false,resource.sql,,,R2RMLTC0012b,,
RMLTC0012b-PostgreSQL,42e,java,Duplicate tuples generate same blank node,Tests that blank nodes with same identifier and in the same graph but generated by different logical rows are considered equivalent.,http://www.w3.org/TR/r2rml/#blank-nodes,table,CSV,false,resource.sql,,,R2RMLTC0012b,,
RMLTC0012b-SQLServer,42f,java,Duplicate tuples generate same blank node,Tests that blank nodes with same identifier and in the same graph but generated by different logical rows are considered equivalent.,http://www.w3.org/TR/r2rml/#blank-nodes,table,CSV,false,resource.sql,,,R2RMLTC0012b,,
RMLTC0012b-SPARQL,42g,java,Duplicate triples generate same blank node,Tests that blank nodes with same identifier and in the same graph but generated by different logical rows are considered equivalent.,http://www.w3.org/TR/r2rml/#blank-nodes,RDF,XPath,false,resource.ttl,,,R2RMLTC0012b,,
RMLTC0012c-CSV,43a,,TriplesMap without subjectMap,"Tests a RML with missing information, TriplesMap without subjectMap.",http://www.w3.org/TR/r2rml/#dfn-template-valued-term-map,CSV,CSV,true,persons.csv,,,R2RMLTC0012c,,
RMLTC0012c-JSON,43b,,TriplesMap without subjectMap,"Tests a RML with missing information, TriplesMap without subjectMap.",http://www.w3.org/TR/r2rml/#dfn-template-valued-term-map,JSON,JSONPath,true,persons.json,,,R2RMLTC0012c,,
RMLTC0012c-XML,43c,,TriplesMap without subjectMap,"Tests a RML with missing information, TriplesMap without subjectMap.",http://www.w3.org/TR/r2rml/#dfn-template-valued-term-map,XML,XPath,true,persons.xml,,,R2RMLTC0012c,,
RMLTC0012c-MySQL,43d,,TriplesMap without subjectMap,"Tests a RML with missing information, TriplesMap without subjectMap.",http://www.w3.org/TR/r2rml/#dfn-template-valued-term-map,table,CSV,true,resource.sql,,,R2RMLTC0012c,,
RMLTC0012c-PostgreSQL,43e,,TriplesMap without subjectMap,"Tests a RML with missing information, TriplesMap without subjectMap.",http://www.w3.org/TR/r2rml/#dfn-template-valued-term-map,table,CSV,true,resource.sql,,,R2RMLTC0012c,,
RMLTC0012c-SQLServer,43f,,TriplesMap without subjectMap,"Tests a RML with missing information, TriplesMap without subjectMap.",http://www.w3.org/TR/r2rml/#dfn-template-valued-term-map,table,CSV,true,resource.sql,,,R2RMLTC0012c,,
RMLTC0012d-CSV,44a,,TriplesMap with two subjectMap,"Tests a RML with wrong information, TriplesMap with two subjectMap.",http://www.w3.org/TR/r2rml/#dfn-template-valued-term-map,CSV,CSV,true,persons.csv,,,R2RMLTC0012d,,
RMLTC0012d-JSON,44b,,TriplesMap with two subjectMap,"Tests a RML with wrong information, TriplesMap with two subjectMap.",http://www.w3.org/TR/r2rml/#dfn-template-valued-term-map,JSON,JSONPath,true,persons.json,,,R2RMLTC0012d,,
RMLTC0012d-XML,44c,,TriplesMap with two subjectMap,"Tests a RML with wrong information, TriplesMap with two subjectMap.",http://www.w3.org/TR/r2rml/#dfn-template-valued-term-map,XML,XPath,true,persons.xml,,,R2RMLTC0012d,,
RMLTC0012d-MySQL,44d,,TriplesMap with two subjectMap,"Tests a RML with wrong information, TriplesMap with two subjectMap.",http://www.w3.org/TR/r2rml/#dfn-template-valued-term-map,table,CSV,true,resource.sql,,,R2RMLTC0012d,,
RMLTC0012d-PostgreSQL,44e,,TriplesMap with two subjectMap,"Tests a RML with wrong information, TriplesMap with two subjectMap.",http://www.w3.org/TR/r2rml/#dfn-template-valued-term-map,table,CSV,true,resource.sql,,,R2RMLTC0012d,,
RMLTC0012d-SQLServer,44f,,TriplesMap with two subjectMap,"Tests a RML with wrong information, TriplesMap with two subjectMap.",http://www.w3.org/TR/r2rml/#dfn-template-valued-term-map,table,CSV,true,resource.sql,,,R2RMLTC0012d,,
RMLTC0012e-MySQL,45a,,Default mapping,Tests the generation of a default mapping for tables without a primary key.,http://www.w3.org/TR/r2rml/#default-mappings,table,CSV,false,resource.sql,,,R2RMLTC0012e,,
RMLTC0012e-PostgreSQL,45b,,Default mapping,Tests the generation of a default mapping for tables without a primary key.,http://www.w3.org/TR/r2rml/#default-mappings,table,CSV,false,resource.sql,,,R2RMLTC0012e,,
RMLTC0012e-SQLServer,45c,,Default mapping,Tests the generation of a default mapping for tables without a primary key.,http://www.w3.org/TR/r2rml/#default-mappings,table,CSV,false,resource.sql,,,R2RMLTC0012e,,
RMLTC0013a-JSON,46a,,Null value in JSON file,Tests if null values in JSON files are handled correctly.,,JSON,JSONPath,false,persons.json,,,R2RMLTC0013a,,
RMLTC0013a-MySQL,46b,,Generation of empty triples from referenced columns that have null values,Tests the generation of empty triples from referenced columns that have null values,http://www.w3.org/TR/r2rml/#dfn-template-valued-term-map,table,CSV,false,resource.sql,,,R2RMLTC0013a,,
RMLTC0013a-PostgreSQL,46c,,Generation of empty triples from referenced columns that have null values,Tests the generation of empty triples from referenced columns that have null values,http://www.w3.org/TR/r2rml/#dfn-template-valued-term-map,table,CSV,false,resource.sql,,,R2RMLTC0013a,,
RMLTC0013a-SQLServer,46d,,Generation of empty triples from referenced columns that have null values,Tests the generation of empty triples from referenced columns that have null values,http://www.w3.org/TR/r2rml/#dfn-template-valued-term-map,table,CSV,false,resource.sql,,,R2RMLTC0013a,,
RMLTC0014d-MySQL,47a,,"three tables, one primary key, one foreign key",Test the translation of database type codes to IRIs,http://www.w3.org/TR/r2rml/#example-translationtable,table,CSV,false,resource.sql,,,R2RMLTC0014d,,
RMLTC0014d-PostgreSQL,47b,,"three tables, one primary key, one foreign key",Test the translation of database type codes to IRIs,http://www.w3.org/TR/r2rml/#example-translationtable,table,CSV,false,resource.sql,,,R2RMLTC0014d,,
RMLTC0014d-SQLServer,47c,,"three tables, one primary key, one foreign key",Test the translation of database type codes to IRIs,http://www.w3.org/TR/r2rml/#example-translationtable,table,CSV,false,resource.sql,,,R2RMLTC0014d,,
RMLTC0015a-CSV,48a,,Generation of language tags from a table with language information,Generation of language tags from a table with language information,http://www.w3.org/TR/r2rml/#language-tags,CSV,CSV,false,country_en.csv,country_es.csv,,R2RMLTC0015a,,
RMLTC0015a-JSON,48b,,Generation of language tags from a table with language information,Generation of language tags from a table with language information,http://www.w3.org/TR/r2rml/#language-tags,JSON,JSONPath,false,country_en.json,country_es.json,,R2RMLTC0015a,,
RMLTC0015a-XML,48c,,Generation of language tags from a table with language information,Generation of language tags from a table with language information,http://www.w3.org/TR/r2rml/#language-tags,XML,XPath,false,country_en.xml,country_es.xml,,R2RMLTC0015a,,
RMLTC0015a-MySQL,48d,,Generation of language tags from a table with language information,Generation of language tags from a table with language information,http://www.w3.org/TR/r2rml/#language-tags,table,CSV,false,resource.sql,,,R2RMLTC0015a,,
RMLTC0015a-PostgreSQL,48e,,Generation of language tags from a table with language information,Generation of language tags from a table with language information,http://www.w3.org/TR/r2rml/#language-tags,table,CSV,false,resource.sql,,,R2RMLTC0015a,,
RMLTC0015a-SQLServer,48f,,Generation of language tags from a table with language information,Generation of language tags from a table with language information,http://www.w3.org/TR/r2rml/#language-tags,table,CSV,false,resource.sql,,,R2RMLTC0015a,,
RMLTC0015b-CSV,49a,,"Generation of language tags from a table with language information, and a term map with invalid rr:language value","Tests a term map with an invalid rr:language value, which is an error",http://www.w3.org/TR/r2rml/#language-tags,CSV,CSV,true,country_en.csv,country_es.csv,,R2RMLTC0015b,,
RMLTC0015b-JSON,49b,,"Generation of language tags from a table with language information, and a term map with invalid rr:language value","Tests a term map with an invalid rr:language value, which is an error",http://www.w3.org/TR/r2rml/#language-tags,JSON,JSONPath,true,country_en.json,country_es.json,,R2RMLTC0015b,,
RMLTC0015b-XML,49c,,"Generation of language tags from a table with language information, and a term map with invalid rr:language value","Tests a term map with an invalid rr:language value, which is an error",http://www.w3.org/TR/r2rml/#language-tags,XML,XPath,true,country_en.xml,country_es.xml,,R2RMLTC0015b,,
RMLTC0015b-MySQL,49d,,"Generation of language tags from a table with language information, and a term map with invalid rr:language value","Tests a term map with an invalid rr:language value, which is an error",http://www.w3.org/TR/r2rml/#language-tags,table,CSV,true,resource.sql,,,R2RMLTC0015b,,
RMLTC0015b-PostgreSQL,49e,,"Generation of language tags from a table with language information, and a term map with invalid rr:language value","Tests a term map with an invalid rr:language value, which is an error",http://www.w3.org/TR/r2rml/#language-tags,table,CSV,true,resource.sql,,,R2RMLTC0015b,,
RMLTC0015b-SQLServer,49f,,"Generation of language tags from a table with language information, and a term map with invalid rr:language value","Tests a term map with an invalid rr:language value, which is an error",http://www.w3.org/TR/r2rml/#language-tags,table,CSV,true,resource.sql,,,R2RMLTC0015b,,
RMLTC0016a-MySQL,50a,,Table with datatypes: string and integer,Tests the rr:termtype and datatype conversions: string and integer,http://www.w3.org/TR/r2rml/#datatype-conversions,table,CSV,false,resource.sql,,,R2RMLTC0016a,,
RMLTC0016a-PostgreSQL,50b,,Table with datatypes: string and integer,Tests the rr:termtype and datatype conversions: string and integer,http://www.w3.org/TR/r2rml/#datatype-conversions,table,CSV,false,resource.sql,,,R2RMLTC0016a,,
RMLTC0016a-SQLServer,50c,,Table with datatypes: string and integer,Tests the rr:termtype and datatype conversions: string and integer,http://www.w3.org/TR/r2rml/#datatype-conversions,table,CSV,false,resource.sql,,,R2RMLTC0016a,,
RMLTC0016b-MySQL,51a,,Table with datatypes: real and float,Tests the rr:termtype and datatype conversions: real and float,http://www.w3.org/TR/r2rml/#datatype-conversions,table,CSV,false,resource.sql,,,R2RMLTC0016b,,
RMLTC0016b-PostgreSQL,51b,,Table with datatypes: real and float,Tests the rr:termtype and datatype conversions: real and float,http://www.w3.org/TR/r2rml/#datatype-conversions,table,CSV,false,resource.sql,,,R2RMLTC0016b,,
RMLTC0016b-SQLServer,51c,,Table with datatypes: real and float,Tests the rr:termtype and datatype conversions: real and float,http://www.w3.org/TR/r2rml/#datatype-conversions,table,CSV,false,resource.sql,,,R2RMLTC0016b,,
RMLTC0016c-MySQL,52a,,Table with datatypes: date and timestamp,Tests the rr:termtype and datatype conversions: date and timestamp,http://www.w3.org/TR/r2rml/#datatype-conversions,table,CSV,false,resource.sql,,,R2RMLTC0016c,,
RMLTC0016c-PostgreSQL,52b,,Table with datatypes: date and timestamp,Tests the rr:termtype and datatype conversions: date and timestamp,http://www.w3.org/TR/r2rml/#datatype-conversions,table,CSV,false,resource.sql,,,R2RMLTC0016c,,
RMLTC0016c-SQLServer,52c,,Table with datatypes: date and timestamp,Tests the rr:termtype and datatype conversions: date and timestamp,http://www.w3.org/TR/r2rml/#datatype-conversions,table,CSV,false,resource.sql,,,R2RMLTC0016c,,
RMLTC0016d-MySQL,53a,,"Table with datatypes, boolean conversions",Tests the rr:termtype and datatype conversions: boolean,http://www.w3.org/TR/r2rml/#datatype-conversions,table,CSV,false,resource.sql,,,R2RMLTC0016d,,
RMLTC0016d-PostgreSQL,53b,,"Table with datatypes, boolean conversions",Tests the rr:termtype and datatype conversions: boolean,http://www.w3.org/TR/r2rml/#datatype-conversions,table,CSV,false,resource.sql,,,R2RMLTC0016d,,
RMLTC0016d-SQLServer,53c,,"Table with datatypes, boolean conversions",Tests the rr:termtype and datatype conversions: boolean,http://www.w3.org/TR/r2rml/#datatype-conversions,table,CSV,false,resource.sql,,,R2RMLTC0016d,,
RMLTC0016e-MySQL,54a,,"Table with datatypes, binary column",Tests the rr:termtype and datatype conversions: binary,http://www.w3.org/TR/r2rml/#datatype-conversions,table,CSV,false,resource.sql,,,R2RMLTC0016e,,
RMLTC0016e-PostgreSQL,54b,,"Table with datatypes, binary column",Tests the rr:termtype and datatype conversions: binary,http://www.w3.org/TR/r2rml/#datatype-conversions,table,CSV,false,resource.sql,,,R2RMLTC0016e,,
RMLTC0016e-SQLServer,54c,,"Table with datatypes, binary column",Tests the rr:termtype and datatype conversions: binary,http://www.w3.org/TR/r2rml/#datatype-conversions,table,CSV,false,resource.sql,,,R2RMLTC0016e,,
RMLTC0018a-MySQL,55a,,Generation of triples by using CHAR datatype column,"Generation of triples by using CHAR datatype column, resulting RDF literal is space-padded.",http://www.w3.org/TR/r2rml/#from-template,table,CSV,false,resource.sql,,,R2RMLTC0018a,,
RMLTC0018a-PostgreSQL,55b,,Generation of triples by using CHAR datatype column,"Generation of triples by using CHAR datatype column, resulting RDF literal is space-padded.",http://www.w3.org/TR/r2rml/#from-template,table,CSV,false,resource.sql,,,R2RMLTC0018a,,
RMLTC0018a-SQLServer,55c,,Generation of triples by using CHAR datatype column,"Generation of triples by using CHAR datatype column, resulting RDF literal is space-padded.",http://www.w3.org/TR/r2rml/#from-template,table,CSV,false,resource.sql,,,R2RMLTC0018a,,
RMLTC0019a-CSV,56a,,Generation of triples by using IRI value in columns,Test the generation of triples by using IRI value in columns,,CSV,CSV,false,persons.csv,,,R2RMLTC0019a,,
RMLTC0019a-JSON,56b,,Generation of triples by using IRI value in columns,Test the generation of triples by using IRI value in attributes,,JSON,JSONPath,false,persons.json,,,R2RMLTC0019a,,
RMLTC0019a-XML,56c,,Generation of triples by using IRI value in columns,Test the generation of triples by using IRI value in elements,,XML,XPath,false,persons.xml,,,R2RMLTC0019a,,
RMLTC0019a-MySQL,56d,,Generation of triples by using IRI value in columns,Test the generation of triples by using IRI value in columns,http://www.w3.org/TR/r2rml/#from-column,table,CSV,false,resource.sql,,,R2RMLTC0019a,,
RMLTC0019a-PostgreSQL,56e,,Generation of triples by using IRI value in columns,Test the generation of triples by using IRI value in columns,http://www.w3.org/TR/r2rml/#from-column,table,CSV,false,resource.sql,,,R2RMLTC0019a,,
RMLTC0019a-SQLServer,56f,,Generation of triples by using IRI value in columns,Test the generation of triples by using IRI value in columns,http://www.w3.org/TR/r2rml/#from-column,table,CSV,false,resource.sql,,,R2RMLTC0019a,,
RMLTC0019b-CSV,57a,,"Generation of triples by using IRI value in columns, with data error","Test the generation of triples by using IRI value in columns, conforming RML mapping with data error (and limited results)",,CSV,CSV,false,persons.csv,,,R2RMLTC0019b,,
RMLTC0019b-JSON,57b,,"Generation of triples by using IRI value in columns, with data error","Test the generation of triples by using IRI value in attributes, conforming RML mapping with data error (and limited results)",,JSON,JSONPath,false,persons.json,,,R2RMLTC0019b,,
RMLTC0019b-XML,57c,,"Generation of triples by using IRI value in columns, with data error","Test the generation of triples by using IRI value in elements, conforming RML mapping with data error (and limited results)",,XML,XPath,false,persons.xml,,,R2RMLTC0019b,,
RMLTC0019b-MySQL,57d,,"Generation of triples by using IRI value in columns, with data error","Test the generation of triples by using IRI value in columns, conforming RML mapping with data error (and limited results)",http://www.w3.org/TR/r2rml/#from-column,table,CSV,false,resource.sql,,,R2RMLTC0019b,,
RMLTC0019b-PostgreSQL,57e,,"Generation of triples by using IRI value in columns, with data error","Test the generation of triples by using IRI value in columns, conforming RML mapping with data error (and limited results)",http://www.w3.org/TR/r2rml/#from-column,table,CSV,false,resource.sql,,,R2RMLTC0019b,,
RMLTC0019b-SQLServer,57f,,"Generation of triples by using IRI value in columns, with data error","Test the generation of triples by using IRI value in columns, conforming RML mapping with data error (and limited results)",http://www.w3.org/TR/r2rml/#from-column,table,CSV,false,resource.sql,,,R2RMLTC0019b,,
RMLTC0020a-CSV,58a,,Generation of triples by using IRI value in columns,Test the generation of triples by using IRI value in columns,http://www.w3.org/TR/r2rml/#from-template,CSV,CSV,false,student.csv,,,R2RMLTC0020a,,
RMLTC0020a-JSON,58b,,Generation of triples by using IRI value in columns,Test the generation of triples by using IRI value in attributes,http://www.w3.org/TR/r2rml/#from-template,JSON,JSONPath,false,student.json,,,R2RMLTC0020a,,
RMLTC0020a-XML,58c,,Generation of triples by using IRI value in columns,Test the generation of triples by using IRI value in elements,http://www.w3.org/TR/r2rml/#from-template,XML,XPath,false,student.xml,,,R2RMLTC0020a,,
RMLTC0020a-MySQL,58d,,Generation of triples by using IRI value in columns,Test the generation of triples by using IRI value in columns,http://www.w3.org/TR/r2rml/#from-template,table,CSV,false,resource.sql,,,R2RMLTC0020a,,
RMLTC0020a-PostgreSQL,58e,,Generation of triples by using IRI value in columns,Test the generation of triples by using IRI value in columns,http://www.w3.org/TR/r2rml/#from-template,table,CSV,false,resource.sql,,,R2RMLTC0020a,,
RMLTC0020a-SQLServer,58f,,Generation of triples by using IRI value in columns,Test the generation of triples by using IRI value in columns,http://www.w3.org/TR/r2rml/#from-template,table,CSV,false,resource.sql,,,R2RMLTC0020a,,
RMLTC0020b-CSV,59a,,"Generation of triples by using IRI value in columns, with data errors","Test the generation of triples by using IRI value in columns, conforming R2RML mapping with data error (and no result)",,CSV,CSV,false,student.csv,,,R2RMLTC0020b,,
RMLTC0020b-JSON,59b,,"Generation of triples by using IRI value in columns, with data errors","Test the generation of triples by using IRI value in columns, conforming R2RML mapping with data error (and no result)",,JSON,JSONPath,false,student.json,,,R2RMLTC0020b,,
RMLTC0020b-XML,59c,,"Generation of triples by using IRI value in columns, with data errors","Test the generation of triples by using IRI value in columns, conforming R2RML mapping with data error (and no result)",,XML,XPath,false,student.xml,,,R2RMLTC0020b,,
RMLTC0020b-MySQL,59d,,"Generation of triples by using IRI value in columns, with data errors","Test the generation of triples by using IRI value in columns, conforming R2RML mapping with data error (and no result)",http://www.w3.org/TR/r2rml/#from-column,table,CSV,false,resource.sql,,,R2RMLTC0020b,,
RMLTC0020b-PostgreSQL,59e,,"Generation of triples by using IRI value in columns, with data errors","Test the generation of triples by using IRI value in columns, conforming R2RML mapping with data error (and no result)",http://www.w3.org/TR/r2rml/#from-column,table,CSV,false,resource.sql,,,R2RMLTC0020b,,
RMLTC0020b-SQLServer,59f,,"Generation of triples by using IRI value in columns, with data errors","Test the generation of triples by using IRI value in columns, conforming R2RML mapping with data error (and no result)",http://www.w3.org/TR/r2rml/#from-column,table,CSV,false,resource.sql,,,R2RMLTC0020b,,
